Workbook

Sheet Assumptions
A1: NEW BALTIMORE PROTO-SCHEDULE & SEQUENCING MODEL — ASSUMPTIONS
A2: v1 · Aug 5, 2026 · CVR Engineering · Blue/yellow = editable inputs; validate with HWC field before any number goes to DTE.
A4: PRODUCTION RATES (industry-typical rural distribution rebuild — REPLACE with HWC actuals)
A5: Poles set + framed per crew-day | B5: 2.5 | C5: Rural OH distribution, incl. hardware/framing
A6: Conductor strung per crew-day (ft) | B6: 4000 | C6: 3-phase pull incl. sagging/clipping, rural spans
A7: Transformers hung + connected per crew-day | B7: 4 | C7: Pole-mount, incl. cutouts/arresters
A8: Cutover / energize days per CWO | B8: 1 | C8: Switching, phasing, load checks — per work order
A9: Restoration as % of construction crew-days | B9: 0.1 | C9: Cleanup, seeding, matting removal
A10: MOBILIZATION & CREW ECONOMICS
A11: Mob + demob crew-days per mobilization event | B11: 2 | C11: Yard load-out, travel, setup/teardown
A12: Fixed cost per mobilization event ($) | B12: 7500 | C12: Traffic setup, delivery staging, permits admin, equip moves
A13: Ramp-up productivity loss per cold start (crew-days) | B13: 0.8 | C13: First ~2 days at reduced output on unfamiliar site
A14: Fully burdened crew cost per day ($) | B14: 8500 | C14: 4-person crew + foreman share + equipment spread
A15: Field supervision + PM cost per calendar week ($) | B15: 6000 | C15: GF/superintendent + PM attributable to program
A16: SEQUENCING EFFECT
A17: Campaign productivity uplift on construction crew-days | B17: 0.08 | C17: Crew continuity/learning; industry range 5-15%
A18: Number of campaigns (geographic groupings) | B18: 4 | C18: ASSUMED — replace with real corridor groupings
A19: PROGRAM EXTRAPOLATION
A20: These 15 CWOs as share of total OH program | B20: 0.95 | C20: REVISED from DTE Maximo workbook: our 15 CWOs cover ~97% of program install wire (141,020 ft total). Was 0.50 placeholder.
A21: CALENDAR
A22: Construction start | B22: 46482 | C22: First Monday April 2027 — "next spring"
A24: HARDENING CHECKLIST (converts strawman → DTE-grade)
A25: 1. Replace production rates with HWC estimate/actuals (per-WO labor breakdown)
A26: 2. Replace campaign groupings with real geography/circuit adjacency
A27: 3. Add remaining ~16 OH work orders (have 15 of 39; UG deletions TBD)
A28: 4. Add TRK-4911 predecessor dates + DTE outage windows + WO release plan
A29: 5. Validate mob fixed cost and supervision rate with finance

Sheet Scope & Durations
A1: CWO | B1: Poles | C1: OH Conductor (ft) | D1: Transformers | E1: CUE Material $ | F1: Pole Days | G1: Stringing Days | H1: Xfmr Days | I1: Cutover | J1: Restoration | K1: Construction Crew-Days | L1: Baseline Mob+Demob | M1: Baseline Ramp Loss | N1: Baseline Total Crew-Days
A2: 73232522 | B2: 30 | C2: 9776 | D2: 12 | E2: 143455.15 | F2: =B2/Assumptions!$B$5 -> 12 | G2: =C2/Assumptions!$B$6 -> 2.444 | H2: =D2/Assumptions!$B$7 -> 3 | I2: =IF(B2>0,Assumptions!$B$8,0) -> 1 | J2: =(F2+G2+H2)*Assumptions!$B$9 -> 1.7444 | K2: =F2+G2+H2+I2+J2 -> 20.1884 | L2: =Assumptions!$B$11 -> 2 | M2: =Assumptions!$B$13 -> 0.8 | N2: =K2+L2+M2 -> 22.9884
A3: 73234686 | B3: 23 | C3: 8311 | D3: 9 | E3: 114600.29 | F3: =B3/Assumptions!$B$5 -> 9.2 | G3: =C3/Assumptions!$B$6 -> 2.07775 | H3: =D3/Assumptions!$B$7 -> 2.25 | I3: =IF(B3>0,Assumptions!$B$8,0) -> 1 | J3: =(F3+G3+H3)*Assumptions!$B$9 -> 1.352775 | K3: =F3+G3+H3+I3+J3 -> 15.880525 | L3: =Assumptions!$B$11 -> 2 | M3: =Assumptions!$B$13 -> 0.8 | N3: =K3+L3+M3 -> 18.680525
A4: 73239897 | B4: 25 | C4: 5946 | D4: 7 | E4: 113119.61 | F4: =B4/Assumptions!$B$5 -> 10 | G4: =C4/Assumptions!$B$6 -> 1.4865 | H4: =D4/Assumptions!$B$7 -> 1.75 | I4: =IF(B4>0,Assumptions!$B$8,0) -> 1 | J4: =(F4+G4+H4)*Assumptions!$B$9 -> 1.32365 | K4: =F4+G4+H4+I4+J4 -> 15.56015 | L4: =Assumptions!$B$11 -> 2 | M4: =Assumptions!$B$13 -> 0.8 | N4: =K4+L4+M4 -> 18.36015
A5: 73239916 | B5: 33 | C5: 6580 | D5: 13 | E5: 181388.96 | F5: =B5/Assumptions!$B$5 -> 13.2 | G5: =C5/Assumptions!$B$6 -> 1.645 | H5: =D5/Assumptions!$B$7 -> 3.25 | I5: =IF(B5>0,Assumptions!$B$8,0) -> 1 | J5: =(F5+G5+H5)*Assumptions!$B$9 -> 1.8095 | K5: =F5+G5+H5+I5+J5 -> 20.9045 | L5: =Assumptions!$B$11 -> 2 | M5: =Assumptions!$B$13 -> 0.8 | N5: =K5+L5+M5 -> 23.7045
A6: 73239926 | B6: 25 | C6: 6114 | D6: 5 | E6: 107363.49 | F6: =B6/Assumptions!$B$5 -> 10 | G6: =C6/Assumptions!$B$6 -> 1.5285 | H6: =D6/Assumptions!$B$7 -> 1.25 | I6: =IF(B6>0,Assumptions!$B$8,0) -> 1 | J6: =(F6+G6+H6)*Assumptions!$B$9 -> 1.27785 | K6: =F6+G6+H6+I6+J6 -> 15.05635 | L6: =Assumptions!$B$11 -> 2 | M6: =Assumptions!$B$13 -> 0.8 | N6: =K6+L6+M6 -> 17.85635
A7: 73240913 | B7: 36 | C7: 22026 | D7: 9 | E7: 193534.58 | F7: =B7/Assumptions!$B$5 -> 14.4 | G7: =C7/Assumptions!$B$6 -> 5.5065 | H7: =D7/Assumptions!$B$7 -> 2.25 | I7: =IF(B7>0,Assumptions!$B$8,0) -> 1 | J7: =(F7+G7+H7)*Assumptions!$B$9 -> 2.21565 | K7: =F7+G7+H7+I7+J7 -> 25.37215 | L7: =Assumptions!$B$11 -> 2 | M7: =Assumptions!$B$13 -> 0.8 | N7: =K7+L7+M7 -> 28.17215
A8: 73242557 | B8: 20 | C8: 4757 | D8: 4 | E8: 66525.33 | F8: =B8/Assumptions!$B$5 -> 8 | G8: =C8/Assumptions!$B$6 -> 1.18925 | H8: =D8/Assumptions!$B$7 -> 1 | I8: =IF(B8>0,Assumptions!$B$8,0) -> 1 | J8: =(F8+G8+H8)*Assumptions!$B$9 -> 1.018925 | K8: =F8+G8+H8+I8+J8 -> 12.208175 | L8: =Assumptions!$B$11 -> 2 | M8: =Assumptions!$B$13 -> 0.8 | N8: =K8+L8+M8 -> 15.008175
A9: 73242619 | B9: 18 | C9: 8446 | D9: 6 | E9: 65028.72 | F9: =B9/Assumptions!$B$5 -> 7.2 | G9: =C9/Assumptions!$B$6 -> 2.1115 | H9: =D9/Assumptions!$B$7 -> 1.5 | I9: =IF(B9>0,Assumptions!$B$8,0) -> 1 | J9: =(F9+G9+H9)*Assumptions!$B$9 -> 1.08115 | K9: =F9+G9+H9+I9+J9 -> 12.89265 | L9: =Assumptions!$B$11 -> 2 | M9: =Assumptions!$B$13 -> 0.8 | N9: =K9+L9+M9 -> 15.69265
A10: 73244139 | B10: 38 | C10: 8978 | D10: 6 | E10: 102398.73 | F10: =B10/Assumptions!$B$5 -> 15.2 | G10: =C10/Assumptions!$B$6 -> 2.2445 | H10: =D10/Assumptions!$B$7 -> 1.5 | I10: =IF(B10>0,Assumptions!$B$8,0) -> 1 | J10: =(F10+G10+H10)*Assumptions!$B$9 -> 1.89445 | K10: =F10+G10+H10+I10+J10 -> 21.83895 | L10: =Assumptions!$B$11 -> 2 | M10: =Assumptions!$B$13 -> 0.8 | N10: =K10+L10+M10 -> 24.63895
A11: 73279347 | B11: 0 | C11: 145 | D11: 0 | E11: 25975.2 | F11: =B11/Assumptions!$B$5 -> 0 | G11: =C11/Assumptions!$B$6 -> 0.03625 | H11: =D11/Assumptions!$B$7 -> 0 | I11: =IF(B11>0,Assumptions!$B$8,0) -> 0 | J11: =(F11+G11+H11)*Assumptions!$B$9 -> 0.003625 | K11: =F11+G11+H11+I11+J11 -> 0.039875 | L11: =Assumptions!$B$11 -> 2 | M11: =Assumptions!$B$13 -> 0.8 | N11: =K11+L11+M11 -> 2.839875
A12: 73301547 | B12: 32 | C12: 13450 | D12: 6 | E12: 93529.72 | F12: =B12/Assumptions!$B$5 -> 12.8 | G12: =C12/Assumptions!$B$6 -> 3.3625 | H12: =D12/Assumptions!$B$7 -> 1.5 | I12: =IF(B12>0,Assumptions!$B$8,0) -> 1 | J12: =(F12+G12+H12)*Assumptions!$B$9 -> 1.76625 | K12: =F12+G12+H12+I12+J12 -> 20.42875 | L12: =Assumptions!$B$11 -> 2 | M12: =Assumptions!$B$13 -> 0.8 | N12: =K12+L12+M12 -> 23.22875
A13: 73301585 | B13: 33 | C13: 16885 | D13: 3 | E13: 84563.74 | F13: =B13/Assumptions!$B$5 -> 13.2 | G13: =C13/Assumptions!$B$6 -> 4.22125 | H13: =D13/Assumptions!$B$7 -> 0.75 | I13: =IF(B13>0,Assumptions!$B$8,0) -> 1 | J13: =(F13+G13+H13)*Assumptions!$B$9 -> 1.817125 | K13: =F13+G13+H13+I13+J13 -> 20.988375 | L13: =Assumptions!$B$11 -> 2 | M13: =Assumptions!$B$13 -> 0.8 | N13: =K13+L13+M13 -> 23.788375
... A16: 73802595 | B16: 1 | C16: 17247 | D16: 4 | E16: 43971.25 | F16: =B16/Assumptions!$B$5 -> 0.4 | G16: =C16/Assumptions!$B$6 -> 4.31175 | H16: =D16/Assumptions!$B$7 -> 1 | I16: =IF(B16>0,Assumptions!$B$8,0) -> 1 | J16: =(F16+G16+H16)*Assumptions!$B$9 -> 0.571175 | K16: =F16+G16+H16+I16+J16 -> 7.282925 | L16: =Assumptions!$B$11 -> 2 | M16: =Assumptions!$B$13 -> 0.8 | N16: =K16+L16+M16 -> 10.082925
A17: TOTAL | B17: =SUM(B2:B16) -> 332 | C17: =SUM(C2:C16) -> 140289 | D17: =SUM(D2:D16) -> 84 | E17: =SUM(E2:E16) -> 1378637 | F17: =SUM(F2:F16) -> 132.8 | G17: =SUM(G2:G16) -> 35.07225 | H17: =SUM(H2:H16) -> 21 | I17: =SUM(I2:I16) -> 14 | ... N17: =SUM(N2:N16) -> 263.75948

Sheet Scenario Comparison
A1: SEQUENCING SCENARIOS — 15 RECONCILED CWOs
A2: Baseline = each WO standalone as priced. Campaign = corridor-grouped continuous execution. Same scope — the delta is structure.
B3: BASELINE (as priced) | C3: CAMPAIGN — 2 crews | D3: CAMPAIGN — 3 crews | E3: CAMPAIGN — 4 crews
A4: Mobilization events | B4: =15 -> 15 | C4: =MAX(Assumptions!$B$18,2) -> 4 | D4: =MAX(Assumptions!$B$18,3) -> 4 | E4: =MAX(Assumptions!$B$18,4) -> 4
A5: Construction crew-days (scope work) | B5: ='Scope & Durations'!K17 -> 221.75948 | C5: ='Scope & Durations'!K17*(1-Assumptions!$B$17) -> 204.01872 | D5: ='Scope & Durations'!K17*(1-Assumptions!$B$17) -> 204.01872 | E5: ='Scope & Durations'!K17*(1-Assumptions!$B$17) -> 204.01872
A6: Mob/demob crew-days | B6: =B4*Assumptions!$B$11 -> 30 | C6: =C4*Assumptions!$B$11 -> 8 | D6: =D4*Assumptions!$B$11 -> 8 | E6: =E4*Assumptions!$B$11 -> 8
A7: Ramp-up loss crew-days | B7: =B4*Assumptions!$B$13 -> 12 | C7: =C4*Assumptions!$B$13 -> 3.2 | D7: =D4*Assumptions!$B$13 -> 3.2 | E7: =E4*Assumptions!$B$13 -> 3.2
A8: TOTAL crew-days | B8: =B5+B6+B7 -> 263.75948 | C8: =C5+C6+C7 -> 215.21872 | D8: =D5+D6+D7 -> 215.21872 | E8: =E5+E6+E7 -> 215.21872
A9: Crews | B9: =1 -> 1 | C9: =2 -> 2 | D9: =3 -> 3 | E9: =4 -> 4
A10: Calendar working days | B10: =B8/B9 -> 263.75948 | C10: =C8/C9 -> 107.60936 | D10: =D8/D9 -> 71.739572 | E10: =E8/E9 -> 53.804679
A11: Calendar weeks | B11: =B10/5 -> 52.751895 | C11: =C10/5 -> 21.521872 | D11: =D10/5 -> 14.347914 | E11: =E10/5 -> 10.760936
A12: Crew labor cost | B12: =B8*Assumptions!$B$14 -> 2241955.5 | C12: =C8*Assumptions!$B$14 -> 1829359.1 | D12: =D8*Assumptions!$B$14 -> 1829359.1 | E12: =E8*Assumptions!$B$14 -> 1829359.1
A13: Mobilization fixed cost | B13: =B4*Assumptions!$B$12 -> 112500 | C13: =C4*Assumptions!$B$12 -> 30000 | D13: =D4*Assumptions!$B$12 -> 30000 | E13: =E4*Assumptions!$B$12 -> 30000
A14: Supervision/PM (calendar-driven) | B14: =B11*Assumptions!$B$15 -> 316511.37 | C14: =C11*Assumptions!$B$15 -> 129131.23 | D14: =D11*Assumptions!$B$15 -> 86087.487 | E14: =E11*Assumptions!$B$15 -> 64565.615
A15: TOTAL modeled field cost | B15: =B12+B13+B14 -> 2670966.9 | C15: =C12+C13+C14 -> 1988490.3 | D15: =D12+D13+D14 -> 1945446.6 | E15: =E12+E13+E14 -> 1923924.7
A16: SAVINGS vs baseline — these 15 CWOs | C16: =$B$15-C15 -> 682476.58 | D16: =$B$15-D15 -> 725520.33 | E16: =$B$15-E15 -> 747042.2
A17: EXTRAPOLATED program savings (÷ program share) | C17: =C16/Assumptions!$B$20 -> 718396.4 | D17: =D16/Assumptions!$B$20 -> 763705.61 | E17: =E16/Assumptions!$B$20 -> 786360.21
A19: READ: cost savings are nearly crew-count-independent (same crew-days); crew count drives the CALENDAR (fit within the spring-to-freeze window).
A20: Not modeled (upside): contingency de-stacking across WOs, bulk material staging, per-WO traffic re-setups, weather-window optimization, rework avoided by EOR-verified procurement.
A21: Not modeled (risk): outage availability, TRK-4911 timing, crew availability, geography making assumed groupings infeasible.
A22: Extrapolation assumes savings scale linearly with program share — refine when the full 39-WO list is loaded.

Sheet Schedule Skeleton (3-crew)
A1: ILLUSTRATIVE CAMPAIGN SEQUENCE — 3 CREWS, START APR 5 2027
A2: Campaign groupings are SIZE-BALANCED PLACEHOLDERS (no geography yet). Dates via WORKDAY() — editing assumptions re-flows dates on recalc.
A4: Campaign | B4: Crew | C4: CWO | D4: Crew-Days (uplifted) | E4: Start | F4: Finish
A5: C1 | B5: Crew 1 | C5: 73240913 | D5: ='Scope & Durations'!K7*(1-Assumptions!$B$17) -> 23.342378 | E5: =Assumptions!$B$22 -> 46482 | F5: =WORKDAY(E5,MAX(ROUND(D5,0),1)) -> 46513
A6: C1 | B6: Crew 1 | C6: 73239897 | D6: ='Scope & Durations'!K4*(1-Assumptions!$B$17) -> 14.315338 | E6: =WORKDAY(F5,1) -> 46514 | F6: =WORKDAY(E6,MAX(ROUND(D6,0),1)) -> 46534
A7: C1 | B7: Crew 1 | C7: 73242619 | D7: ='Scope & Durations'!K9*(1-Assumptions!$B$17) -> 11.861238 | E7: =WORKDAY(F6,1) -> 46535 | F7: =WORKDAY(E7,MAX(ROUND(D7,0),1)) -> 46553
A8: C2 | B8: Crew 2 | C8: 73244139 | D8: ='Scope & Durations'!K10*(1-Assumptions!$B$17) -> 20.091834 | E8: =Assumptions!$B$22 -> 46482 | F8: =WORKDAY(E8,MAX(ROUND(D8,0),1)) -> 46510
A9: C2 | B9: Crew 2 | C9: 73234686 | D9: ='Scope & Durations'!K3*(1-Assumptions!$B$17) -> 14.610083 | E9: =WORKDAY(F8,1) -> 46511 | F9: =WORKDAY(E9,MAX(ROUND(D9,0),1)) -> 46532
A10: C2 | B10: Crew 2 | C10: 73239926 | D10: ='Scope & Durations'!K6*(1-Assumptions!$B$17) -> 13.851842 | E10: =WORKDAY(F9,1) -> 46533 | F10: =WORKDAY(E10,MAX(ROUND(D10,0),1)) -> 46553
A11: C2 | B11: Crew 2 | C11: 73358165 | D11: ='Scope & Durations'!K15*(1-Assumptions!$B$17) -> 2.303404 | E11: =WORKDAY(F10,1) -> 46554 | F11: =WORKDAY(E11,MAX(ROUND(D11,0),1)) -> 46556
A12: C3 | B12: Crew 3 | C12: 73301585 | D12: ='Scope & Durations'!K13*(1-Assumptions!$B$17) -> 19.309305 | E12: =Assumptions!$B$22 -> 46482 | F12: =WORKDAY(E12,MAX(ROUND(D12,0),1)) -> 46507
A13: C3 | B13: Crew 3 | C13: 73232522 | D13: ='Scope & Durations'!K2*(1-Assumptions!$B$17) -> 18.573328 | E13: =WORKDAY(F12,1) -> 46510 | F13: =WORKDAY(E13,MAX(ROUND(D13,0),1)) -> 46535
A14: C3 | B14: Crew 3 | C14: 73242557 | D14: ='Scope & Durations'!K8*(1-Assumptions!$B$17) -> 11.231521 | E14: =WORKDAY(F13,1) -> 46538 | F14: =WORKDAY(E14,MAX(ROUND(D14,0),1)) -> 46553
A15: C3 | B15: Crew 3 | C15: 73279347 | D15: ='Scope & Durations'!K11*(1-Assumptions!$B$17) -> 0.036685 | E15: =WORKDAY(F14,1) -> 46554 | F15: =WORKDAY(E15,MAX(ROUND(D15,0),1)) -> 46555
A16: C4 | B16: Crew 1 | C16: 73239916 | D16: ='Scope & Durations'!K5*(1-Assumptions!$B$17) -> 19.23214 | E16: =WORKDAY(F7,1) -> 46554 | F16: =WORKDAY(E16,MAX(ROUND(D16,0),1)) -> 46581
A17: C4 | B17: Crew 1 | C17: 73301547 | D17: ='Scope & Durations'!K12*(1-Assumptions!$B$17) -> 18.79445 | E17: =WORKDAY(F16,1) -> 46582 | F17: =WORKDAY(E17,MAX(ROUND(D17,0),1)) -> 46609
A18: C4 | B18: Crew 1 | C18: 73305080 | D18: ='Scope & Durations'!K14*(1-Assumptions!$B$17) -> 9.76488 | E18: =WORKDAY(F17,1) -> 46610 | F18: =WORKDAY(E18,MAX(ROUND(D18,0),1)) -> 46624
A19: C4 | B19: Crew 1 | C19: 73802595 | D19: ='Scope & Durations'!K16*(1-Assumptions!$B$17) -> 6.700291 | E19: =WORKDAY(F18,1) -> 46625 | F19: =WORKDAY(E19,MAX(ROUND(D19,0),1)) -> 46636
A21: Per-campaign mob (2 crew-days) applies at campaign boundaries; cutover/restoration included in durations. All open-order material dates (Sept-Nov 2026) clear the Apr 2027 start.
