Workbook

Sheet Transmittal
B2: NEW BALTIMORE 4.8 kV CONVERSION PROGRAM
B3: Overhead Material Quantities Transmittal
B5: Contract No. | C5: 4400008681
B6: From | C6: HWC Construction / CVR Engineering
B7: To | C7: DTE Electric Company — Attn: John Chang, Supply Chain
B8: Transmittal No. | C8: (enter)
B9: Transmittal Date | C9: (enter)
B10: Prepared Under Direction Of | C10: Jim Codling, SVP Engineering, CVR Engineering
B11: Yellow cells: complete before issuing.
B13: PURPOSE
B14: In response to DTE’s request for confirmed overhead material quantities, this package transmits the source-validated material quantity reconciliation for the New Baltimore overhead conversion scope: quantities by DTE IM number across the program, quantities by CWO and IM, and a short list of materials pending DTE IM confirmation. Quantities are reconciled across three independent sources: DTE CUE estimate material summaries, construction bills of material, and confirmed supplier order records.
B18: COVERAGE
B19: This package covers the 15 reconciled overhead CWOs listed on the Summary by CWO tab — approximately 97% of program install quantities when compared against DTE’s Maximo work-order quantities. Reconciliation of the remaining small CWOs (four recloser CWOs and CWO 73303193) will follow under separate cover. Underground CWOs removed from the program by credit are excluded.
B23: CONTENTS
B24: Summary by CWO | C24: Program headline quantities (poles, conductor, transformers) and material line counts per CWO.
B25: Quantities by DTE IM | C25: One row per confirmed DTE IM across the program: BOM, CUE-required, variance, and confirmed ordered quantities.
B26: Quantities by CWO and IM | C26: Full detail — each DTE IM within each contributing CWO.
B27: Pending IM Confirmation | C27: Materials without a confirmed DTE IM number; DTE confirmation requested.
B28: Basis and Exclusions | C28: Sources, methodology, exclusions, and reservation of rights.
B30: RESERVATION OF RIGHTS
B31: This transmittal is provided for quantity reconciliation and coordination purposes only. It documents material quantities derived from DTE CUE estimates, construction bills of material, and confirmed supplier order records. Nothing herein constitutes agreement to any credit, back-charge, price adjustment, or change to contract scope or value under Contract 4400008681, and all rights under the contract are expressly reserved. Any adjustment arising from these quantities shall be processed exclusively through the contract change process.

Sheet Summary by CWO
B2: Program Headline Quantities by CWO
B3: Source: reconciled DTE CUE estimates and construction BOMs (Jul 2026 reconciliation).
B5: CWO | C5: Pole Replacements | D5: Bare Conductor (ft) | E5: Transformers | F5: Material Line Items
B6: 73232522 | C6: 30 | D6: 9776 | E6: 12 | F6: =COUNTIF('Quantities by CWO and IM'!$B$6:$B$1593,B6) -> 109
B7: 73234686 | C7: 23 | D7: 8311 | E7: 9 | F7: =COUNTIF('Quantities by CWO and IM'!$B$6:$B$1593,B7) -> 154
B8: 73239897 | C8: 25 | D8: 5946 | E8: 7 | F8: =COUNTIF('Quantities by CWO and IM'!$B$6:$B$1593,B8) -> 93
B9: 73239916 | C9: 33 | D9: 6580 | E9: 13 | F9: =COUNTIF('Quantities by CWO and IM'!$B$6:$B$1593,B9) -> 108
B10: 73239926 | C10: 25 | D10: 6114 | E10: 5 | F10: =COUNTIF('Quantities by CWO and IM'!$B$6:$B$1593,B10) -> 132
B11: 73240913 | C11: 36 | D11: 22026 | E11: 9 | F11: =COUNTIF('Quantities by CWO and IM'!$B$6:$B$1593,B11) -> 156
B12: 73242557 | C12: 20 | D12: 4757 | E12: 4 | F12: =COUNTIF('Quantities by CWO and IM'!$B$6:$B$1593,B12) -> 134
B13: 73242619 | C13: 18 | D13: 8446 | E13: 6 | F13: =COUNTIF('Quantities by CWO and IM'!$B$6:$B$1593,B13) -> 96
B14: 73244139 | C14: 38 | D14: 8978 | E14: 6 | F14: =COUNTIF('Quantities by CWO and IM'!$B$6:$B$1593,B14) -> 124
B15: 73279347 | C15: 0 | D15: 145 | E15: 0 | F15: =COUNTIF('Quantities by CWO and IM'!$B$6:$B$1593,B15) -> 68
B16: 73301547 | C16: 32 | D16: 13450 | E16: 6 | F16: =COUNTIF('Quantities by CWO and IM'!$B$6:$B$1593,B16) -> 106
B17: 73301585 | C17: 33 | D17: 16885 | E17: 3 | F17: =COUNTIF('Quantities by CWO and IM'!$B$6:$B$1593,B17) -> 104
... B20: 73802595 | C20: 1 | D20: 17247 | E20: 4 | F20: =COUNTIF('Quantities by CWO and IM'!$B$6:$B$1593,B20) -> 95
B21: TOTAL | C21: =SUM(C6:C20) -> 332 | D21: =SUM(D6:D20) -> 140289 | E21: =SUM(E6:E20) -> 84 | F21: =SUM(F6:F20) -> 1588
B23: Pole, conductor, and transformer counts are program headline quantities from the CWO-level reconciliation; conductor is bare primary/neutral wire and excludes triplex/secondary cable. Material line items counts the CWO-and-IM detail rows in this package.

Sheet Quantities by DTE IM
B2: Overhead Material Quantities by DTE IM — Program-Wide
B3: One row per confirmed DTE IM across all 15 reconciled CWOs. Ordered Qty reflects confirmed supplier order records as of 7/28/2026 and excludes DTE-furnished job stock.
B5: DTE IM | C5: Material Description | D5: UOM | E5: CWO Count | F5: BOM Qty | G5: CUE Required Qty | H5: Variance (CUE − BOM) | I5: Ordered Qty (as of 7/28/26) | J5: CWO Numbers
B6: 100003861 | C6: CLIP_STATIC,INSULTR DISTRBTN,5/8 IN DIA | D6: EA | E6: 15 | F6: 186 | G6: 196 | H6: =N(G6)-N(F6) -> 10 | I6: 200 | J6: 73232522; 73234686; 73239897; 73239916; 73239926; 73240913; 73242557; 73242619; 73244139; 73279347; 73301547; 73301585; 73305080; 73358165; 73802595
B7: 100018327 | C7: WASHER_FLAT,5/8 IN ID,1-3/4 IN OD,WROUGH | D7: EA | E7: 15 | F7: 3086 | G7: 2280 | H7: =N(G7)-N(F7) -> -806 | I7: 3086 | J7: 73232522; 73234686; 73239897; 73239916; 73239926; 73240913; 73242557; 73242619; 73244139; 73279347; 73301547; 73301585; 73305080; 73358165; 73802595
B8: 100019342 | C8: STRAP_GROUND,GALV STL | D8: EA | E8: 15 | F8: 494 | G8: 764 | H8: =N(G8)-N(F8) -> 270 | I8: 500 | J8: 73232522; 73234686; 73239897; 73239916; 73239926; 73240913; 73242557; 73242619; 73244139; 73279347; 73301547; 73301585; 73305080; 73358165; 73802595
B9: 100020717 | C9: ROD_GROUND,5/8 IN DIA,CRBN STL,8 FT LG | D9: EA | E9: 15 | F9: 350 | G9: 382 | H9: =N(G9)-N(F9) -> 32 | I9: 350 | J9: 73232522; 73234686; 73239897; 73239916; 73239926; 73240913; 73242557; 73242619; 73244139; 73279347; 73301547; 73301585; 73305080; 73358165; 73802595
B10: 100021354 | C10: BOLT_MACHINE,5/8 IN DIA,11 TPI,16 IN LG, | D10: EA | E10: 15 | F10: 1543 | G10: 1112 | H10: =N(G10)-N(F10) -> -431 | I10: 1729 | J10: 73232522; 73234686; 73239897; 73239916; 73239926; 73240913; 73242557; 73242619; 73244139; 73279347; 73301547; 73301585; 73305080; 73358165; 73802595
B11: 100023899 | C11: BOLT_MACHINE,5/8 IN DIA,11 TPI,12 IN LG, | D11: EA | E11: 15 | F11: 2231 | G11: 2391 | H11: =N(G11)-N(F11) -> 160 | I11: 2259 | J11: 73232522; 73234686; 73239897; 73239916; 73239926; 73240913; 73242557; 73242619; 73244139; 73279347; 73301547; 73301585; 73305080; 73358165; 73802595
B12: 100026047 | C12: WASHER_CURVED,3 IN X 3 IN,MALLEABLE/DUCT | D12: EA | E12: 15 | F12: 3534 | G12: 3696 | H12: =N(G12)-N(F12) -> 162 | I12: 3534 | J12: 73232522; 73234686; 73239897; 73239916; 73239926; 73240913; 73242557; 73242619; 73244139; 73279347; 73301547; 73301585; 73305080; 73358165; 73802595
B13: 100027139 | C13: STUD_INSULATOR,3/4 IN DIA X 7 IN LG,GALV | D13: EA | E13: 15 | F13: 339 | G13: 327 | H13: =N(G13)-N(F13) -> -12 | I13: 339 | J13: 73232522; 73234686; 73239897; 73239916; 73239926; 73240913; 73242557; 73242619; 73244139; 73279347; 73301547; 73301585; 73305080; 73358165; 73802595
B14: 100034502 | C14: BOLT_EYE,5/8 IN DIA,11 TPI,12 IN LG,GALV | D14: EA | E14: 15 | F14: 560 | G14: 342 | H14: =N(G14)-N(F14) -> -218 | I14: 560 | J14: 73232522; 73234686; 73239897; 73239916; 73239926; 73240913; 73242557; 73242619; 73244139; 73279347; 73301547; 73301585; 73305080; 73358165; 73802595
B15: 100036719 | C15: NUT_EYE,5/8 IN,GALV STL | D15: EA | E15: 15 | F15: 517 | G15: 516 | H15: =N(G15)-N(F15) -> -1 | I15: 517 | J15: 73232522; 73234686; 73239897; 73239916; 73239926; 73240913; 73242557; 73242619; 73244139; 73279347; 73301547; 73301585; 73305080; 73358165; 73802595
B16: 100043531 | C16: INSULATOR_ELECT,CLAMP TOP,28KV,POLYMER,I | D16: EA | E16: 15 | F16: 1454 | G16: 1078 | H16: =N(G16)-N(F16) -> -376 | I16: 1448 | J16: 73232522; 73234686; 73239897; 73239916; 73239926; 73240913; 73242557; 73242619; 73244139; 73279347; 73301547; 73301585; 73305080; 73358165; 73802595
B17: 100045998 | C17: ARRESTER_SURGE,DISTRBTN,POLYMER,METL OXI | D17: EA | E17: 15 | F17: 305 | G17: 227 | H17: =N(G17)-N(F17) -> -78 | I17: 305 | J17: 73232522; 73234686; 73239897; 73239916; 73239926; 73240913; 73242557; 73242619; 73244139; 73279347; 73301547; 73301585; 73305080; 73358165; 73802595
... B30: 100076666 | C30: BRACKET_MNTNG,NEMA,ARSTR,3/8 IN X 1-3/4 | D30: EA | E30: 14 | F30: 402 | G30: 505 | H30: =N(G30)-N(F30) -> 103 | I30: 402 | J30: 73232522; 73234686; 73239897; 73239916; 73239926; 73240913; 73242557; 73242619; 73244139; 73279347; 73301547; 73301585; 73305080; 73802595
B31: 100100489 | C31: CABLE_INSUL,XLPE,6 AWG,CU,SOLID,1 CONDUC | E31: 14 | F31: 3325 | G31: 5692 | H31: =N(G31)-N(F31) -> 2367 | J31: 73232522; 73234686; 73239897; 73239916; 73239926; 73240913; 73242557; 73242619; 73244139; 73279347; 73301547; 73301585; 73305080; 73802595
B32: 100317966 | C32: CONNECTOR_OVERHEAD,HOT LINE,NO. 6-4/0,0. | D32: EA | E32: 14 | F32: 251 | G32: 249 | H32: =N(G32)-N(F32) -> -2 | I32: 251 | J32: 73232522; 73234686; 73239897; 73239916; 73239926; 73240913; 73242557; 73242619; 73244139; 73279347; 73301547; 73301585; 73305080; 73802595
B33: 100319272 | C33: CONNECTOR_CABLE,GRNDING,CU,NO. 6-2/0 | D33: EA | E33: 14 | F33: 147 | G33: 374 | H33: =N(G33)-N(F33) -> 227 | I33: 169 | J33: 73232522; 73234686; 73239897; 73239916; 73239926; 73240913; 73242557; 73242619; 73244139; 73279347; 73301547; 73301585; 73305080; 73802595
B34: 100012641 | C34: BOLT_EYE,5/8 IN DIA,11 TPI,8 IN LG,GALV | D34: EA | E34: 13 | F34: 136 | G34: 154 | H34: =N(G34)-N(F34) -> 18 | I34: 136 | J34: 73232522; 73234686; 73239897; 73239916; 73239926; 73240913; 73242557; 73242619; 73244139; 73279347; 73301585; 73358165; 73802595
B35: 100039650 | C35: CLAMP_DEADEND,STRGHT LINE,ALUM ALLOY,ACS | D35: EA | E35: 13 | F35: 672 | G35: 572 | H35: =N(G35)-N(F35) -> -100 | I35: 866 | J35: 73232522; 73234686; 73239897; 73239916; 73239926; 73240913; 73242557; 73242619; 73244139; 73279347; 73301547; 73301585; 73802595
B36: 100039761 | C36: CABLE_BARE,1/0 AWG,6 X 1 STRANDD,6095 FT | D36: FT | E36: 13 | F36: 64366 | G36: 57894 | H36: =N(G36)-N(F36) -> -6472 | I36: 60950 | J36: 73232522; 73234686; 73239897; 73239916; 73239926; 73240913; 73242557; 73242619; 73244139; 73301547; 73301585; 73358165; 73802595
B37: 100057672 | C37: ROD_ANCHOR,EXT,1-1/2 IN DIA,GALV STL,3-1 | D37: EA | E37: 13 | F37: 89 | G37: 83 | H37: =N(G37)-N(F37) -> -6 | I37: 173 | J37: 73232522; 73234686; 73239897; 73239916; 73239926; 73240913; 73242557; 73242619; 73244139; 73279347; 73301585; 73305080; 73802595
B38: 100081480 | C38: CONNECTOR_CABLE,TAP,BRNZ,NO. 6,SPLIT BOL | D38: EA | E38: 13 | F38: 26 | G38: 124 | H38: =N(G38)-N(F38) -> 98 | I38: 26 | J38: 73232522; 73234686; 73239897; 73239916; 73239926; 73240913; 73242557; 73242619; 73244139; 73279347; 73301547; 73301585; 73802595
B39: 100095397 | C39: CROSSARM_ASSY,DEADEND WITH CENTR BRKT,10 | D39: EA | E39: 13 | F39: 50 | G39: 51 | H39: =N(G39)-N(F39) -> 1 | I39: 50 | J39: 73234686; 73239897; 73239916; 73239926; 73240913; 73242557; 73244139; 73279347; 73301547; 73301585; 73305080; 73358165; 73802595
B40: 100095608 | C40: CROSSARM_ASSY,DEADEND WITH CENTR BRKT,8 | D40: EA | E40: 13 | F40: 103 | G40: 85 | H40: =N(G40)-N(F40) -> -18 | I40: 103 | J40: 73232522; 73234686; 73239897; 73239916; 73239926; 73240913; 73242557; 73242619; 73244139; 73279347; 73301547; 73301585; 73802595
B41: 100097691 | C41: CLAMP_JUMPER,BRNZ,CU,8-1/0 | D41: EA | E41: 13 | F41: 514 | G41: 747 | H41: =N(G41)-N(F41) -> 233 | I41: 514 | J41: 73232522; 73234686; 73239897; 73239916; 73239926; 73240913; 73242557; 73242619; 73244139; 73279347; 73301547; 73301585; 73802595
B42: 100105615 | C42: BOLT_MACHINE,1/2 IN DIA,13 TPI,1-1/2 IN | D42: EA | E42: 13 | F42: 259 | G42: 307 | H42: =N(G42)-N(F42) -> 48 | I42: 259 | J42: 73232522; 73234686; 73239897; 73239916; 73239926; 73240913; 73242557; 73242619; 73244139; 73279347; 73301547; 73301585; 73802595
B43: 100110224 | C43: WASHER_SQUARE,9/16 IN ID,2 IN X 2 IN,1/8 | D43: EA | E43: 13 | F43: 167 | G43: 570 | H43: =N(G43)-N(F43) -> 403 | I43: 50 | J43: 73232522; 73234686; 73239916; 73239926; 73240913; 73242557; 73242619; 73244139; 73279347; 73301547; 73301585; 73305080; 73802595
... B79: 100097576 | C79: INSULATOR_STRAIN,DEADEND,3 IN SPOOL,PORC | D79: EA | E79: 10 | F79: 150 | G79: 188 | H79: =N(G79)-N(F79) -> 38 | I79: 195 | J79: 73232522; 73234686; 73239897; 73239916; 73239926; 73240913; 73242557; 73242619; 73244139; 73301547
B80: 100109390 | C80: LEAD_ELECT,SECNDRY,10 FT LG,CU,2 AWG SOL | E80: 10 | F80: 0 | G80: 147 | H80: =N(G80)-N(F80) -> 147 | J80: 73232522; 73234686; 73239897; 73239916; 73239926; 73240913; 73242619; 73244139; 73301547; 73802595
B81: 100115939 | C81: CABLE_BARE,636KCMIL,ALUM,37 STRAND,6200 | D81: FT | E81: 10 | F81: 86462 | G81: 61866 | H81: =N(G81)-N(F81) -> -24596 | I81: 86800 | J81: 73234686; 73239926; 73240913; 73242557; 73244139; 73301547; 73301585; 73305080; 73358165; 73802595
B82: 100319274 | C82: RACK_INSULATOR,HD TRIPLX SECNDRY,PORCLN | D82: EA | E82: 10 | F82: 354 | G82: 324 | H82: =N(G82)-N(F82) -> -30 | I82: 354 | J82: 73232522; 73234686; 73239897; 73239916; 73239926; 73240913; 73242557; 73242619; 73244139; 73301547
B83: 100319350 | C83: RACK_INSULATOR,HD SECNDRY,PORCLN SPOOLS, | D83: EA | E83: 10 | F83: 177 | G83: 12 | H83: =N(G83)-N(F83) -> -165 | I83: 180 | J83: 73232522; 73234686; 73239897; 73239916; 73239926; 73240913; 73242557; 73242619; 73244139; 73358165
B84: 100339982 | C84: FUSE_ASSY,CURLMTG,7.6KV,20 AMP | D84: EA | E84: 10 | F84: 69 | G84: 100 | H84: =N(G84)-N(F84) -> 31 | I84: 44 | J84: 73232522; 73234686; 73239897; 73239916; 73239926; 73240913; 73242619; 73244139; 73301547; 73802595
B85: 100339983 | C85: FUSE_ASSY,CURLMTG,7.6KV,30 AMP | D85: EA | E85: 10 | F85: 69 | G85: 78 | H85: =N(G85)-N(F85) -> 9 | I85: 94 | J85: 73234686; 73239897; 73239916; 73239926; 73240913; 73242557; 73242619; 73244139; 73301547; 73301585
B86: 100008748 | C86: INSULATOR_STRAIN,GUY,27 IN LG,FBRGLAS 18 | D86: EA | E86: 9 | F86: 88 | G86: 40 | H86: =N(G86)-N(F86) -> -48 | I86: 100 | J86: 73232522; 73234686; 73239897; 73239916; 73239926; 73242557; 73242619; 73244139; 73305080
B87: 100009193 | C87: GUY_ASSY,5/16 IN DIA,125 FT LG,EHS STL S | E87: 9 | F87: 50 | G87: 62 | H87: =N(G87)-N(F87) -> 12 | J87: 73232522; 73234686; 73239916; 73239926; 73240913; 73242557; 73242619; 73244139; 73301585
B88: 100015054 | C88: Connector Wedge Al/Cu #6-#2 | D88: EA | E88: 9 | F88: 0 | G88: 0 | H88: =N(G88)-N(F88) -> 0 | I88: 360 | J88: 73232522; 73239897; 73239926; 73242557; 73242619; 73244139; 73305080; 73358165; 73802595
B89: 100328220 | C89: BRACKET_MNTNG,STNDOFF,INSULTR,24 IN LG,F | D89: EA | E89: 9 | F89: 246 | G89: 91 | H89: =N(G89)-N(F89) -> -155 | I89: 260 | J89: 73232522; 73234686; 73239897; 73239916; 73239926; 73240913; 73242557; 73242619; 73244139
B90: 300014322 | C90: TRANSFORMER_DISTR,OIL FILLED/POLE,4800/8 | D90: EA | E90: 9 | F90: 29 | G90: 28 | H90: =N(G90)-N(F90) -> -1 | I90: 26 | J90: 73234686; 73239916; 73239926; 73240913; 73242557; 73244139; 73301547; 73301585; 73802595
B91: 100010379 | C91: LEAD_ELECT,SECNDRY,10 FT LG,CU,1/0 AWG | E91: 8 | F91: 350 | G91: 28 | H91: =N(G91)-N(F91) -> -322 | J91: 73234686; 73239916; 73239926; 73240913; 73242557; 73244139; 73301547; 73301585
B92: 100017594 | C92: INSULATOR_SUSP,DEADEND,4-1/4 IN,PORCLN,S | D92: EA | E92: 8 | F92: 95 | G92: 89 | H92: =N(G92)-N(F92) -> -6 | I92: 192 | J92: 73232522; 73239897; 73239916; 73239926; 73242557; 73242619; 73244139; 73301547
B93: 100024990 | C93: TIE_CABLE,NYLON,0.30 IN WD,15.1 IN LG,3 | D93: EA | E93: 8 | F93: 172 | G93: 70 | H93: =N(G93)-N(F93) -> -102 | I93: 246 | J93: 73234686; 73239926; 73240913; 73242557; 73244139; 73301547; 73301585; 73305080
B94: 100032688 | C94: ROPE_WIRE,5/16 IN DIA,STL,5000 FT LG REE | E94: 8 | F94: 500 | G94: 3464 | H94: =N(G94)-N(F94) -> 2964 | J94: 73232522; 73234686; 73239897; 73239926; 73240913; 73242557; 73242619; 73244139
B95: 100039652 | C95: ROD_ANCHOR,5/8 IN DIA,GALV STL,7 FT LG,T | D95: EA | E95: 8 | F95: 27 | G95: 14 | H95: =N(G95)-N(F95) -> -13 | I95: 20 | J95: 73232522; 73239916; 73239926; 73240913; 73242557; 73242619; 73279347; 73802595
B96: 100042455 | C96: DEADEND_PREFORMED,GRIP,24 IN LG,STL,ACSR | D96: EA | E96: 8 | F96: 57 | G96: 70 | H96: =N(G96)-N(F96) -> 13 | I96: 57 | J96: 73232522; 73234686; 73239916; 73239926; 73240913; 73242557; 73244139; 73301547
B97: 100049622 | C97: LEAD_ELECT,SECNDRY,10 FT LG,CU,4/0 AWG | E97: 8 | F97: 0 | G97: 56 | H97: =N(G97)-N(F97) -> 56 | J97: 73234686; 73239916; 73239926; 73240913; 73242557; 73244139; 73301547; 73301585
B98: 100058550 | C98: CLAMP_DEADEND,STRGHT LINE,ALUM ALLOY,ACS | D98: EA | E98: 8 | F98: 183 | G98: 126 | H98: =N(G98)-N(F98) -> -57 | I98: 220 | J98: 73234686; 73239926; 73240913; 73242557; 73244139; 73305080; 73358165; 73802595
B99: 100065979 | C99: WASHER_LOCKING,REGULAR,3/4 IN,GALV STL A | D99: EA | E99: 8 | F99: 132 | G99: 150 | H99: =N(G99)-N(F99) -> 18 | I99: 132 | J99: 73234686; 73239926; 73240913; 73242619; 73244139; 73279347; 73301547; 73301585
B100: 100102696 | C100: Guy Insulator Attachment | D100: EA | E100: 8 | F100: 89 | G100: 0 | H100: =N(G100)-N(F100) -> -89 | I100: 100 | J100: 73232522; 73239897; 73239926; 73242557; 73242619; 73301585; 73305080; 73802595
B101: 100102973 | C101: THIMBLE_WIRE_ROPE,5/8 IN DIA,GALV STL,1 | D101: EA | E101: 8 | F101: 62 | G101: 43 | H101: =N(G101)-N(F101) -> -19 | I101: 62 | J101: 73234686; 73239926; 73240913; 73242557; 73244139; 73301547; 73301585; 73305080
B102: 100310427 | C102: BRACKET_MNTNG,15 DEG STNDOFF,FOR FUSE AN | D102: EA | E102: 8 | F102: 25 | G102: 32 | H102: =N(G102)-N(F102) -> 7 | I102: 34 | J102: 73232522; 73239926; 73242557; 73242619; 73244139; 73279347; 73301547; 73301585
B103: 100310428 | C103: BRACKET_MNTNG,15 DEG STNDOFF,FOR FUSE AN | D103: EA | E103: 8 | F103: 25 | G103: 17 | H103: =N(G103)-N(F103) -> -8 | I103: 35 | J103: 73232522; 73234686; 73242557; 73242619; 73244139; 73279347; 73301547; 73301585
B104: 100027540 | C104: CABLE_INSUL,XLPE,4/0 AWG,CU,19 STRANDD | E104: 7 | F104: 300 | G104: 704 | H104: =N(G104)-N(F104) -> 404 | J104: 73234686; 73239916; 73239926; 73240913; 73279347; 73301585; 73802595
B105: 100042242 | C105: POLE_WOOD, PINE, 55FT, CL 1 | D105: EA | E105: 7 | F105: 0 | G105: 27 | H105: =N(G105)-N(F105) -> 27 | I105: 26 | J105: 73234686; 73239926; 73240913; 73242557; 73244139; 73301585; 73305080
B106: 100048129 | C106: WASHER_LOCKING,DBL COIL,3/4 IN,GALV STL | E106: 7 | F106: 650 | G106: 28 | H106: =N(G106)-N(F106) -> -622 | J106: 73232522; 73234686; 73240913; 73242557; 73279347; 73301547; 73802595
B107: 100050858 | C107: CLAMP_CABLE,MALLEABLE DI OR MI,0.16 IN-0 | D107: EA | E107: 7 | F107: 119 | G107: 107 | H107: =N(G107)-N(F107) -> -12 | I107: 150 | J107: 73234686; 73239926; 73240913; 73242557; 73244139; 73301585; 73305080
B108: 100054802 | C108: SWITCH_MANUAL,DISC,15KV,600 AMP,2 CNTCTS | D108: EA | E108: 7 | F108: 30 | G108: 36 | H108: =N(G108)-N(F108) -> 6 | I108: 30 | J108: 73234686; 73239916; 73239926; 73240913; 73279347; 73301585; 73802595
B109: 100064203 | C109: NUT_SQUARE,3/4 IN,HOT GALV STL,10 TPI | E109: 7 | F109: 0 | G109: 126 | H109: =N(G109)-N(F109) -> 126 | J109: 73234686; 73239926; 73242619; 73244139; 73279347; 73301547; 73301585
B110: 100069293 | C110: BOLT_MACHINE,3/4 IN DIA,10 TPI,16 IN LG, | D110: EA | E110: 7 | F110: 75 | G110: 126 | H110: =N(G110)-N(F110) -> 51 | I110: 75 | J110: 73234686; 73239926; 73242619; 73244139; 73279347; 73301547; 73301585
B111: 100071675 | C111: LUG_CMPRSSN,TERMNL,4/0 AWG,TINNED CU,2-H | D111: EA | E111: 7 | F111: 76 | G111: 80 | H111: =N(G111)-N(F111) -> 4 | I111: 71 | J111: 73234686; 73239916; 73239926; 73240913; 73279347; 73301585; 73802595
B112: 100074517 | C112: TIE_CABLE,NYLON,3/32 IN WD,5-1/4 IN LG, | D112: EA | E112: 7 | F112: 30 | G112: 120 | H112: =N(G112)-N(F112) -> 90 | I112: 30 | J112: 73234686; 73239926; 73240913; 73242557; 73244139; 73301585; 73305080
B113: 100074602 | C113: ROD_ARMOR,ALUM ALLOY,56 IN LG,ACSR,3/0,6 | D113: EA | E113: 7 | F113: 52 | G113: 52 | H113: =N(G113)-N(F113) -> 0 | I113: 139 | J113: 73234686; 73239926; 73240913; 73242557; 73244139; 73301585; 73305080
B114: 100088112 | C114: BRACKET_MNTNG,SHEILD WIRE,MALLEABLE/DUCT | D114: EA | E114: 7 | F114: 114 | G114: 52 | H114: =N(G114)-N(F114) -> -62 | I114: 120 | J114: 73234686; 73239926; 73240913; 73242557; 73244139; 73301585; 73305080
B115: 100094898 | C115: DEADEND_PREFORMED,GRIP,10 IN LG,STL,ALUM | D115: EA | E115: 7 | F115: 32 | G115: 43 | H115: =N(G115)-N(F115) -> 11 | I115: 32 | J115: 73234686; 73239926; 73240913; 73244139; 73301547; 73301585; 73305080
B116: 100098979 | C116: WASHER_LOCKING,REGULAR,7/8 IN OD,1/8 IN | E116: 7 | F116: 12 | G116: 160 | H116: =N(G116)-N(F116) -> 148 | J116: 73234686; 73239916; 73239926; 73240913; 73279347; 73301585; 73802595
B117: 100099096 | C117: CABLE_INSUL,WTHRPRF,45 MIL XLPE,2 AWG,SO | D117: FT | E117: 7 | F117: 465 | G117: 680 | H117: =N(G117)-N(F117) -> 215 | I117: 950 | J117: 73234686; 73239897; 73239926; 73242619; 73279347; 73301547; 73802595
B118: 100099738 | C118: 3/4" X 10" Machine Bolt, Galv. Steel | D118: EA | E118: 7 | F118: 139 | G118: 0 | H118: =N(G118)-N(F118) -> -139 | I118: 139 | J118: 73234686; 73239926; 73242619; 73244139; 73279347; 73301547; 73301585
B119: 100101009 | C119: SCREW_CAP,1/2 IN DIA,13 TPI,2 IN LG,CU S | D119: EA | E119: 7 | F119: 102 | G119: 160 | H119: =N(G119)-N(F119) -> 58 | I119: 102 | J119: 73234686; 73239916; 73239926; 73240913; 73279347; 73301585; 73802595
B120: 100103644 | C120: SUPPORT_WIRE,DWNLEAD,18 IN,FBRGLAS ROD,5 | D120: EA | E120: 7 | F120: 62 | G120: 55 | H120: =N(G120)-N(F120) -> -7 | I120: 60 | J120: 73234686; 73239926; 73240913; 73242557; 73244139; 73301585; 73305080
B121: 100105348 | C121: CK_INSULATOR,SECNDRY,PORCLN SPOOLS,ANS | D121: EA | E121: 7 | F121: 20 | G121: 29 | H121: =N(G121)-N(F121) -> 9 | I121: 22 | J121: 73232522; 73234686; 73239916; 73240913; 73242619; 73244139; 73301547
B122: 100108386 | C122: CONNECTOR_CABLE,WDGE,ALUM,ACSR/ALUM/CU,6 | D122: EA | E122: 7 | F122: 52 | G122: 52 | H122: =N(G122)-N(F122) -> 0 | I122: 25 | J122: 73234686; 73239926; 73240913; 73242557; 73244139; 73301585; 73305080
B123: 100289875 | C123: POLE_WOOD,CEDAR,45 FT LG,CLASS 3 | E123: 7 | F123: 0 | G123: 81 | H123: =N(G123)-N(F123) -> 81 | J123: 73232522; 73239897; 73239916; 73239926; 73240913; 73242557; 73242619
B124: 100322238 | C124: INSULATOR_SUPPORT,DISTRBTN RISR,19.7 IN | D124: EA | E124: 7 | F124: 132 | G124: 126 | H124: =N(G124)-N(F124) -> -6 | I124: 132 | J124: 73234686; 73239926; 73242619; 73244139; 73279347; 73301547; 73301585
B125: 100057790 | C125: INSULATOR_SPOOL,WET,PORCLN,3 IN HT,SKY G | D125: EA | E125: 6 | F125: 31 | G125: 18 | H125: =N(G125)-N(F125) -> -13 | I125: 31 | J125: 73239897; 73239916; 73240913; 73242619; 73244139; 73301547
B126: 100069647 | C126: WIRE_TIE,NO. 8,CU,45 IN LG | E126: 6 | F126: 0 | G126: 36 | H126: =N(G126)-N(F126) -> 36 | J126: 73232522; 73234686; 73240913; 73279347; 73301547; 73301585
B127: 100097490 | C127: ANCHOR_SCREW,TD,10 IN,STL/IRON,1-3/8 IN | D127: EA | E127: 6 | F127: 6 | G127: 14 | H127: =N(G127)-N(F127) -> 8 | I127: 8 | J127: 73232522; 73239916; 73239926; 73240913; 73242557; 73242619
B128: 100103235 | C128: CONNECTOR_CABLE,WDGE,ALUM,ALUM,477KCMIL- | D128: EA | E128: 6 | F128: 65 | G128: 48 | H128: =N(G128)-N(F128) -> -17 | I128: 65 | J128: 73234686; 73240913; 73242557; 73244139; 73279347; 73802595
B129: 100110238 | C129: PIN_INSULATOR,LAG SCRW,5/8 IN,GALV STL,8 | E129: 6 | F129: 0 | G129: 22 | H129: =N(G129)-N(F129) -> 22 | J129: 73232522; 73234686; 73240913; 73279347; 73301547; 73301585
B130: 100327860 | C130: 3/4" x 7 3/4" Steel Pin with Lock Washer and Nut | D130: EA | E130: 6 | F130: 78 | G130: 0 | H130: =N(G130)-N(F130) -> -78 | I130: 80 | J130: 73232522; 73239916; 73239926; 73242557; 73242619; 73244139
B131: 100006750 | C131: BOLT_MACHINE,5/8 IN DIA,11 TPI,8 IN LG,G | D131: EA | E131: 5 | F131: 15 | G131: 19 | H131: =N(G131)-N(F131) -> 4 | I131: 19 | J131: 73239897; 73239916; 73240913; 73242557; 73301585
B132: 100012488 | C132: CUTOUT_FUSED,OPN,POLYMER,15KV MAX,110KV | D132: EA | E132: 5 | F132: 1 | G132: 4 | H132: =N(G132)-N(F132) -> 3 | I132: 5 | J132: 73239897; 73239916; 73240913; 73301547; 73301585
B133: 100025788 | C133: POLE_WOOD, PINE, 50FT, CL3 | D133: EA | E133: 5 | F133: 0 | G133: 35 | H133: =N(G133)-N(F133) -> 35 | I133: 43 | J133: 73234686; 73240913; 73242557; 73301547; 73301585
B134: 100036858 | C134: BRACKET_SUPPORT,TERMINATN/ARSTR | D134: EA | E134: 5 | F134: 24 | G134: 16 | H134: =N(G134)-N(F134) -> -8 | I134: 24 | J134: 73232522; 73234686; 73279347; 73301585; 73305080
B135: 100042243 | C135: POLE_WOOD, PINE, 60FT, CL 1 | D135: EA | E135: 5 | F135: 0 | G135: 11 | H135: =N(G135)-N(F135) -> 11 | I135: 7 | J135: 73234686; 73240913; 73244139; 73305080; 73802595
B136: 100052588 | C136: CONNECTOR_CABLE,WDGE,ALUM,ACSR/ALUM,477K | D136: EA | E136: 5 | F136: 45 | G136: 84 | H136: =N(G136)-N(F136) -> 39 | I136: 120 | J136: 73232522; 73234686; 73242557; 73305080; 73802595
B137: 100069509 | C137: POLE_WOOD, PINE, 50FT, CL 1 | D137: EA | E137: 5 | F137: 0 | G137: 15 | H137: =N(G137)-N(F137) -> 15 | I137: 11 | J137: 73239926; 73240913; 73242557; 73244139; 73301585
B138: 100106838 | C138: PIN_INSULATOR,ANGLE XARM BRAKET,HOT DIPP | D138: EA | E138: 5 | F138: 23 | G138: 11 | H138: =N(G138)-N(F138) -> -12 | I138: 23 | J138: 73232522; 73239897; 73239916; 73239926; 73240913
B139: 100317909 | C139: CONNECTOR_TAP,SECNDRY H-TAP,ALUM | D139: EA | E139: 5 | F139: 150 | G139: 303 | H139: =N(G139)-N(F139) -> 153 | I139: 150 | J139: 73232522; 73239897; 73239916; 73239926; 73242557
B140: 100007836 | C140: WIRE_TIE,NO. 8,CU,54 IN LG | D140: FT | E140: 4 | F140: 100 | G140: 11 | H140: =N(G140)-N(F140) -> -89 | I140: 500 | J140: 73240913; 73242557; 73244139; 73301547
B141: 100019758 | C141: NUT_SQUARE,5/8 IN,GALV STL,11 TPI | D141: EA | E141: 4 | F141: 35 | G141: 41 | H141: =N(G141)-N(F141) -> 6 | I141: 15 | J141: 73234686; 73239916; 73240913; 73301547
B142: 100035087 | C142: LINK_CHAIN,1 IN X 3-1/4 IN,GALV STL,5/8 | E142: 4 | F142: 0 | G142: 14 | H142: =N(G142)-N(F142) -> 14 | J142: 73239897; 73239926; 73240913; 73244139
B143: 100039661 | C143: BOLT_MACHINE,5/8 IN DIA,11 TPI,2 IN LG,G | E143: 4 | F143: 0 | G143: 18 | H143: =N(G143)-N(F143) -> 18 | J143: 73232522; 73234686; 73240913; 73301547
B144: 100039664 | C144: WASHER_FLAT,3/4 IN ID,2 IN OD,WROUGHT ST | E144: 4 | F144: 0 | G144: 22 | H144: =N(G144)-N(F144) -> 22 | J144: 73234686; 73240913; 73242557; 73802595
B145: 100046669 | C145: BOLT_MACHINE,5/8 IN DIA,11 TPI,4 IN LG,G | E145: 4 | F145: 0 | G145: 31 | H145: =N(G145)-N(F145) -> 31 | J145: 73232522; 73234686; 73240913; 73301547
B146: 100057912 | C146: BOLT_MACHINE,3/4 IN DIA,10 TPI,14 IN LG, | E146: 4 | F146: 0 | G146: 18 | H146: =N(G146)-N(F146) -> 18 | J146: 73232522; 73234686; 73240913; 73301547
B147: 100062712 | C147: Connector Wedge Al/Cu #6-1/0 | D147: EA | E147: 4 | F147: 0 | G147: 0 | H147: =N(G147)-N(F147) -> 0 | I147: 260 | J147: 73239916; 73240913; 73301547; 73301585
B148: 100065179 | C148: MOUNT_TRNSCST,VEE,GALV STL,3 TRANSFRMRS, | D148: EA | E148: 4 | F148: 3 | G148: 6 | H148: =N(G148)-N(F148) -> 3 | I148: 3 | J148: 73232522; 73234686; 73240913; 73301547
B149: 100094846 | C149: SCREW_LAG,3/8 IN DIA,4 IN LG,HOT DIP GAL | E149: 4 | F149: 0 | G149: 12 | H149: =N(G149)-N(F149) -> 12 | J149: 73239897; 73239916; 73242557; 73301585
...

Sheet Quantities by CWO and IM
B2: Overhead Material Quantities by CWO and DTE IM
B3: Each row is one DTE IM within one contributing CWO. Same sources and exclusions as the program-wide tab.
B5: CWO | C5: DTE IM | D5: Material Description | E5: UOM | F5: BOM Qty | G5: CUE Required Qty | H5: Variance (CUE − BOM) | I5: Ordered Qty (as of 7/28/26)
B6: 73232522 | C6: 100001517 | D6: LINK_FUSE,UNV,10 AMP | F6: 0 | G6: 1 | H6: =N(G6)-N(F6) -> 1
B7: 73232522 | C7: 100003861 | D7: CLIP_STATIC,INSULTR DISTRBTN,5/8 IN DIA | F7: 0 | G7: 5 | H7: =N(G7)-N(F7) -> 5
B8: 73232522 | C8: 100004757 | D8: MARKER_GUY,PLSTC,1 IN TO 2-1/2 IN DIA,PE | E8: EA | F8: 8 | G8: 1 | H8: =N(G8)-N(F8) -> -7 | I8: 8
B9: 73232522 | C9: 100008297 | D9: INSULATOR_PIN,1 IN DIA,PORCLN,F-NECK,LAR | E9: EA | F9: 15 | G9: 18 | H9: =N(G9)-N(F9) -> 3 | I9: 15
B10: 73232522 | C10: 100008748 | D10: INSULATOR_STRAIN,GUY,27 IN LG,FBRGLAS 18 | E10: EA | F10: 16 | G10: 1 | H10: =N(G10)-N(F10) -> -15 | I10: 100
B11: 73232522 | C11: 100009193 | D11: GUY_ASSY,5/16 IN DIA,125 FT LG,EHS STL S | F11: 0 | G11: 2 | H11: =N(G11)-N(F11) -> 2
B12: 73232522 | C12: 100012641 | D12: BOLT_EYE,5/8 IN DIA,11 TPI,8 IN LG,GALV | F12: 0 | G12: 12 | H12: =N(G12)-N(F12) -> 12
B13: 73232522 | C13: 100015054 | D13: Connector Wedge Al/Cu #6-#2 | E13: EA | F13: 0 | G13: 0 | H13: =N(G13)-N(F13) -> 0 | I13: 60
B14: 73232522 | C14: 100017083 | D14: 5/8" ground rod connector | E14: EA | F14: 10 | G14: 0 | H14: =N(G14)-N(F14) -> -10 | I14: 10
B15: 73232522 | C15: 100017594 | D15: INSULATOR_SUSP,DEADEND,4-1/4 IN,PORCLN,S | E15: EA | F15: 21 | G15: 12 | H15: =N(G15)-N(F15) -> -9 | I15: 192
B16: 73232522 | C16: 100017876 | D16: CONNECTOR_CABLE,TAP,BRNZ,CU,NO. 2 | F16: 0 | G16: 2 | H16: =N(G16)-N(F16) -> 2
B17: 73232522 | C17: 100018327 | D17: WASHER_FLAT,5/8 IN ID,1-3/4 IN OD,WROUGH | E17: EA | F17: 146 | G17: 106 | H17: =N(G17)-N(F17) -> -40 | I17: 146
B18: 73232522 | C18: 100019342 | D18: STRAP_GROUND,GALV STL | F18: 0 | G18: 60 | H18: =N(G18)-N(F18) -> 60
B19: 73232522 | C19: 100020717 | D19: ROD_GROUND,5/8 IN DIA,CRBN STL,8 FT LG | E19: EA | F19: 10 | G19: 30 | H19: =N(G19)-N(F19) -> 20 | I19: 10
B20: 73232522 | C20: 100020751 | D20: WIRE_TIE,NO. 4,ALUM,132 IN LG | F20: 0 | G20: 27 | H20: =N(G20)-N(F20) -> 27
B21: 73232522 | C21: 100021353 | D21: LINK_FUSE,UNV,30 AMP | E21: EA | F21: 10 | G21: 0 | H21: =N(G21)-N(F21) -> -10 | I21: 10
B22: 73232522 | C22: 100021354 | D22: BOLT_MACHINE,5/8 IN DIA,11 TPI,16 IN LG, | E22: EA | F22: 93 | G22: 80 | H22: =N(G22)-N(F22) -> -13 | I22: 125
B23: 73232522 | C23: 100022671 | D23: LINK_FUSE,UNV,20 AMP | F23: 0 | G23: 5 | H23: =N(G23)-N(F23) -> 5
B24: 73232522 | C24: 100023899 | D24: BOLT_MACHINE,5/8 IN DIA,11 TPI,12 IN LG, | E24: EA | F24: 0 | G24: 210 | H24: =N(G24)-N(F24) -> 210 | I24: 12
B25: 73232522 | C25: 100026047 | D25: WASHER_CURVED,3 IN X 3 IN,MALLEABLE/DUCT | E25: EA | F25: 300 | G25: 319 | H25: =N(G25)-N(F25) -> 19 | I25: 300
B26: 73232522 | C26: 100027139 | D26: STUD_INSULATOR,3/4 IN DIA X 7 IN LG,GALV | F26: 0 | G26: 2 | H26: =N(G26)-N(F26) -> 2
B27: 73232522 | C27: 100030339 | D27: CABLE_INSUL,XLPE,1/0 AWG,ALUM,7 STRANDD | F27: 0 | G27: 1 | H27: =N(G27)-N(F27) -> 1
B28: 73232522 | C28: 100032667 | D28: BOLT_MACHINE,5/8 IN DIA,11 TPI,10 IN LG, | F28: 0 | G28: 3 | H28: =N(G28)-N(F28) -> 3
B29: 73232522 | C29: 100032688 | D29: ROPE_WIRE,5/16 IN DIA,STL,5000 FT LG REE | F29: 0 | G29: 250 | H29: =N(G29)-N(F29) -> 250
B30: 73232522 | C30: 100033980 | D30: SCREW_LAG,1/2 IN DIA,4 IN LG,HOT DIP GAL | F30: 0 | G30: 4 | H30: =N(G30)-N(F30) -> 4
B31: 73232522 | C31: 100034502 | D31: BOLT_EYE,5/8 IN DIA,11 TPI,12 IN LG,GALV | E31: EA | F31: 60 | G31: 12 | H31: =N(G31)-N(F31) -> -48 | I31: 60
B32: 73232522 | C32: 100035876 | D32: ANCHOR_SCREW,TD, HELIX SHAFT ASSY,8-10 I | E32: EA | F32: 4 | G32: 7 | H32: =N(G32)-N(F32) -> 3 | I32: 4
B33: 73232522 | C33: 100036719 | D33: NUT_EYE,5/8 IN,GALV STL | E33: EA | F33: 22 | G33: 15 | H33: =N(G33)-N(F33) -> -7 | I33: 22
B34: 73232522 | C34: 100036858 | D34: BRACKET_SUPPORT,TERMINATN/ARSTR | E34: EA | F34: 6 | G34: 0 | H34: =N(G34)-N(F34) -> -6 | I34: 24
B35: 73232522 | C35: 100038906 | D35: GUY_ASSY,5/16 IN DIA,165 FT LG,EHS STL S | F35: 0 | G35: 1 | H35: =N(G35)-N(F35) -> 1
B36: 73232522 | C36: 100039650 | D36: CLAMP_DEADEND,STRGHT LINE,ALUM ALLOY,ACS | E36: EA | F36: 61 | G36: 43 | H36: =N(G36)-N(F36) -> -18 | I36: 61
B37: 73232522 | C37: 100039652 | D37: ROD_ANCHOR,5/8 IN DIA,GALV STL,7 FT LG,T | F37: 0 | G37: 3 | H37: =N(G37)-N(F37) -> 3
B38: 73232522 | C38: 100039653 | D38: ADAPTER_PIPE,GUY,18 IN LG,GALV STL | F38: 0 | G38: 7 | H38: =N(G38)-N(F38) -> 7
B39: 73232522 | C39: 100039661 | D39: BOLT_MACHINE,5/8 IN DIA,11 TPI,2 IN LG,G | F39: 0 | G39: 4 | H39: =N(G39)-N(F39) -> 4
B40: 73232522 | C40: 100039663 | D40: WASHER_LOCKING,DBL COIL,5/8 IN,GALV STL | F40: 0 | G40: 68 | H40: =N(G40)-N(F40) -> 68
B41: 73232522 | C41: 100039761 | D41: CABLE_BARE,1/0 AWG,6 X 1 STRANDD,6095 FT | E41: FT | F41: 8300 | G41: 8801 | H41: =N(G41)-N(F41) -> 501 | I41: 8667.4605
B42: 73232522 | C42: 100042455 | D42: DEADEND_PREFORMED,GRIP,24 IN LG,STL,ACSR | F42: 0 | G42: 7 | H42: =N(G42)-N(F42) -> 7
B43: 73232522 | C43: 100043158 | D43: CONNECTOR_CABLE,WDGE,ALUM,ACSR,1/0 AWG A | F43: 0 | G43: 31 | H43: =N(G43)-N(F43) -> 31
B44: 73232522 | C44: 100043531 | D44: INSULATOR_ELECT,CLAMP TOP,28KV,POLYMER,I | E44: EA | F44: 62 | G44: 50 | H44: =N(G44)-N(F44) -> -12 | I44: 62
B45: 73232522 | C45: 100045998 | D45: ARRESTER_SURGE,DISTRBTN,POLYMER,METL OXI | E45: EA | F45: 33 | G45: 22 | H45: =N(G45)-N(F45) -> -11 | I45: 33
B46: 73232522 | C46: 100046669 | D46: BOLT_MACHINE,5/8 IN DIA,11 TPI,4 IN LG,G | F46: 0 | G46: 6 | H46: =N(G46)-N(F46) -> 6
B47: 73232522 | C47: 100048129 | D47: WASHER_LOCKING,DBL COIL,3/4 IN,GALV STL | F47: 0 | G47: 3 | H47: =N(G47)-N(F47) -> 3
B48: 73232522 | C48: 100048429 | D48: CABLE_BARE,GRND,2 AWG,CU,SOLID,5000 FT L | F48: 0 | G48: 975 | H48: =N(G48)-N(F48) -> 975
B49: 73232522 | C49: 100050777 | D49: CABLE_INSUL,TRIPLEX,PE,1/0 AWG,ALUM,7 ST | E49: FT | F49: 5100 | G49: 293 | H49: =N(G49)-N(F49) -> -4807 | I49: 7165.1937
B50: 73232522 | C50: 100051352 | D50: INSULATOR_STRAIN,CONDUCTOR DEADEND,25 IN | E50: EA | F50: 1 | G50: 1 | H50: =N(G50)-N(F50) -> 0 | I50: 200
B51: 73232522 | C51: 100052587 | D51: WASHER_SQUARE,2-1/4 IN X 2-1/4 IN,3/16 I | E51: EA | F51: 93 | G51: 83 | H51: =N(G51)-N(F51) -> -10 | I51: 93
B52: 73232522 | C52: 100052588 | D52: CONNECTOR_CABLE,WDGE,ALUM,ACSR/ALUM,477K | E52: EA | F52: 0 | G52: 0 | H52: =N(G52)-N(F52) -> 0 | I52: 120
B53: 73232522 | C53: 100057013 | D53: WASHER_CURVED,4 IN X 4 IN,MALLEABLE/DUCT | F53: 0 | G53: 3 | H53: =N(G53)-N(F53) -> 3
B54: 73232522 | C54: 100057672 | D54: ROD_ANCHOR,EXT,1-1/2 IN DIA,GALV STL,3-1 | F54: 0 | G54: 7 | H54: =N(G54)-N(F54) -> 7
B55: 73232522 | C55: 100057912 | D55: BOLT_MACHINE,3/4 IN DIA,10 TPI,14 IN LG, | F55: 0 | G55: 3 | H55: =N(G55)-N(F55) -> 3
B56: 73232522 | C56: 100061029 | D56: POLE_WOOD, PINE, 45FT, CL 1 | F56: 0 | G56: 1 | H56: =N(G56)-N(F56) -> 1
B57: 73232522 | C57: 100062663 | D57: BOLT_MACHINE,5/8 IN DIA,11 TPI,14 IN LG, | E57: EA | F57: 0 | G57: 2 | H57: =N(G57)-N(F57) -> 2 | I57: 121
B58: 73232522 | C58: 100062852 | D58: STUD_INSULATOR,3/4 IN DIA X 1-3/4 IN LG, | E58: EA | F58: 62 | G58: 48 | H58: =N(G58)-N(F58) -> -14 | I58: 62
B59: 73232522 | C59: 100065179 | D59: MOUNT_TRNSCST,VEE,GALV STL,3 TRANSFRMRS, | F59: 0 | G59: 1 | H59: =N(G59)-N(F59) -> 1
B60: 73232522 | C60: 100068975 | D60: Fuse & Arrester Mounting Bracket | E60: EA | F60: 15 | G60: 0 | H60: =N(G60)-N(F60) -> -15 | I60: 15
B61: 73232522 | C61: 100069647 | D61: WIRE_TIE,NO. 8,CU,45 IN LG | F61: 0 | G61: 1 | H61: =N(G61)-N(F61) -> 1
B62: 73232522 | C62: 100070377 | D62: CUTOUT_FUSED,OPN,POLYMER,7.2-14.4KV,110K | E62: EA | F62: 23 | G62: 18 | H62: =N(G62)-N(F62) -> -5 | I62: 23
B63: 73232522 | C63: 100073413 | D63: BRACKET_MNTNG,KIT,ARSTR,1/4 IN THK MIN,G | F63: 0 | G63: 12 | H63: =N(G63)-N(F63) -> 12
B64: 73232522 | C64: 100073592 | D64: INSULATOR_SUSP,DEADEND,12-3/4(+-1/4) IN, | E64: EA | F64: 40 | G64: 29 | H64: =N(G64)-N(F64) -> -11 | I64: 40
B65: 73232522 | C65: 100074493 | D65: DEADEND_PREFORMED,GUY GRIP,38 IN LG,STL, | F65: 0 | G65: 22 | H65: =N(G65)-N(F65) -> 22
B66: 73232522 | C66: 100075415 | D66: GUARD_PROTCT,GRND WIRE MOLDING,1 IN WD,D | E66: EA | F66: 0 | G66: 45 | H66: =N(G66)-N(F66) -> 45 | I66: 30
B67: 73232522 | C67: 100076666 | D67: BRACKET_MNTNG,NEMA,ARSTR,3/8 IN X 1-3/4 | F67: 0 | G67: 46 | H67: =N(G67)-N(F67) -> 46
B68: 73232522 | C68: 100079513 | D68: NAIL_FASTENER,BARB,3/8 IN,2 IN LG,GALV S | E68: EA | F68: 0 | G68: 0 | H68: =N(G68)-N(F68) -> 0 | I68: 3500
B69: 73232522 | C69: 100079751 | D69: CONNECTOR_CABLE,GRND,NO.10-NO.1,1/2 IN,B | F69: 0 | G69: 1 | H69: =N(G69)-N(F69) -> 1
B70: 73232522 | C70: 100081480 | D70: CONNECTOR_CABLE,TAP,BRNZ,NO. 6,SPLIT BOL | F70: 0 | G70: 12 | H70: =N(G70)-N(F70) -> 12
B71: 73232522 | C71: 100082948 | D71: DEADEND_PREFORMED,GUY GRIP,31 IN LG,STL, | F71: 0 | G71: 6 | H71: =N(G71)-N(F71) -> 6
B72: 73232522 | C72: 100084645 | D72: DEADEND_PREFORMED,34 IN LG,ALUM,0.030 IN | F72: 0 | G72: 27 | H72: =N(G72)-N(F72) -> 27
B73: 73232522 | C73: 100085230 | D73: DEADEND_PREFORMED,GRIP,27 IN LG,STL,ACSR | F73: 0 | G73: 16 | H73: =N(G73)-N(F73) -> 16
B74: 73232522 | C74: 100088028 | D74: BRACKET_SUPPORT,POLETOP,13.75 X 4.12 X 4 | E74: EA | F74: 22 | G74: 24 | H74: =N(G74)-N(F74) -> 2 | I74: 160
B75: 73232522 | C75: 100088479 | D75: WASHER_LOCKING,HELICAL,5/8 IN,GALV STL A | E75: EA | F75: 301 | G75: 210 | H75: =N(G75)-N(F75) -> -91 | I75: 333
B76: 73232522 | C76: 100088575 | D76: POLE_WOOD, PINE, 45FT, CL 3 | E76: EA | F76: 0 | G76: 2 | H76: =N(G76)-N(F76) -> 2 | I76: 3
B77: 73232522 | C77: 100094865 | D77: ANCHOR_POLE_BASE,8 IN,CAST IRON/STL,PISA | E77: EA | F77: 2 | G77: 2 | H77: =N(G77)-N(F77) -> 0 | I77: 25
B78: 73232522 | C78: 100095608 | D78: CROSSARM_ASSY,DEADEND WITH CENTR BRKT,8 | E78: EA | F78: 4 | G78: 5 | H78: =N(G78)-N(F78) -> 1 | I78: 4
B79: 73232522 | C79: 100095866 | D79: INSULATOR_STRAIN,GUY,63 IN LG,FBRGLAS,CL | E79: EA | F79: 24 | G79: 13 | H79: =N(G79)-N(F79) -> -11 | I79: 24
B80: 73232522 | C80: 100097490 | D80: ANCHOR_SCREW,TD,10 IN,STL/IRON,1-3/8 IN | E80: EA | F80: 2 | G80: 3 | H80: =N(G80)-N(F80) -> 1 | I80: 8
B81: 73232522 | C81: 100097576 | D81: INSULATOR_STRAIN,DEADEND,3 IN SPOOL,PORC | F81: 0 | G81: 21 | H81: =N(G81)-N(F81) -> 21
B82: 73232522 | C82: 100097691 | D82: CLAMP_JUMPER,BRNZ,CU,8-1/0 | F82: 0 | G82: 58 | H82: =N(G82)-N(F82) -> 58
B83: 73232522 | C83: 100100489 | D83: CABLE_INSUL,XLPE,6 AWG,CU,SOLID,1 CONDUC | F83: 0 | G83: 488 | H83: =N(G83)-N(F83) -> 488
B84: 73232522 | C84: 100101263 | D84: WASHER_SQUARE,7/8 IN ID,3 IN X 3 IN,3/16 | F84: 0 | G84: 2 | H84: =N(G84)-N(F84) -> 2
B85: 73232522 | C85: 100101751 | D85: STAPLE_FASTENER,0.148 IN DIA X 1-1/2 INL | E85: LB | F85: 0 | G85: 15 | H85: =N(G85)-N(F85) -> 15 | I85: 50
B86: 73232522 | C86: 100102696 | D86: Guy Insulator Attachment | E86: EA | F86: 16 | G86: 0 | H86: =N(G86)-N(F86) -> -16 | I86: 16
B87: 73232522 | C87: 100105348 | D87: CK_INSULATOR,SECNDRY,PORCLN SPOOLS,ANS | F87: 0 | G87: 3 | H87: =N(G87)-N(F87) -> 3
B88: 73232522 | C88: 100105615 | D88: BOLT_MACHINE,1/2 IN DIA,13 TPI,1-1/2 IN | F88: 0 | G88: 29 | H88: =N(G88)-N(F88) -> 29
B89: 73232522 | C89: 100106779 | D89: ROD_ANCHOR,1 IN DIA,GALV STL,7 FT LG,TRI | E89: EA | F89: 8 | G89: 2 | H89: =N(G89)-N(F89) -> -6 | I89: 8
B90: 73232522 | C90: 100106838 | D90: PIN_INSULATOR,ANGLE XARM BRAKET,HOT DIPP | E90: EA | F90: 3 | G90: 3 | H90: =N(G90)-N(F90) -> 0 | I90: 3
B91: 73232522 | C91: 100109390 | D91: LEAD_ELECT,SECNDRY,10 FT LG,CU,2 AWG SOL | F91: 0 | G91: 36 | H91: =N(G91)-N(F91) -> 36
B92: 73232522 | C92: 100110224 | D92: WASHER_SQUARE,9/16 IN ID,2 IN X 2 IN,1/8 | F92: 0 | G92: 22 | H92: =N(G92)-N(F92) -> 22
B93: 73232522 | C93: 100110238 | D93: PIN_INSULATOR,LAG SCRW,5/8 IN,GALV STL,8 | F93: 0 | G93: 1 | H93: =N(G93)-N(F93) -> 1
B94: 73232522 | C94: 100115241 | D94: LINK_FUSE,UNV,15 AMP | F94: 0 | G94: 7 | H94: =N(G94)-N(F94) -> 7
B95: 73232522 | C95: 100289875 | D95: POLE_WOOD,CEDAR,45 FT LG,CLASS 3 | F95: 0 | G95: 24 | H95: =N(G95)-N(F95) -> 24
B96: 73232522 | C96: 100289876 | D96: POLE_WOOD,CEDAR,45 FT LG,CLASS 1 | F96: 0 | G96: 1 | H96: =N(G96)-N(F96) -> 1
B97: 73232522 | C97: 100301153 | D97: BRACKET_MNTNG,STND OFF,LINE POST INSULTR | E97: EA | F97: 40 | G97: 22 | H97: =N(G97)-N(F97) -> -18 | I97: 40
B98: 73232522 | C98: 100302982 | D98: BRACKET_MNTNG,POLETOP VRTCL,1-PHAS LP IN | F98: 0 | G98: 2 | H98: =N(G98)-N(F98) -> 2
B99: 73232522 | C99: 100303365 | D99: CROSSARM_ASSY,TANGNT WITH CENTR BRKT,8 F | E99: EA | F99: 4 | G99: 3 | H99: =N(G99)-N(F99) -> -1 | I99: 4
B100: 73232522 | C100: 100310426 | D100: BRACKET_MNTNG,15 DEG STNDOFF,FOR FUSE AN | E100: EA | F100: 6 | G100: 2 | H100: =N(G100)-N(F100) -> -4 | I100: 17
B101: 73232522 | C101: 100310427 | D101: BRACKET_MNTNG,15 DEG STNDOFF,FOR FUSE AN | E101: EA | F101: 0 | G101: 0 | H101: =N(G101)-N(F101) -> 0 | I101: 6
B102: 73232522 | C102: 100310428 | D102: BRACKET_MNTNG,15 DEG STNDOFF,FOR FUSE AN | F102: 0 | G102: 1 | H102: =N(G102)-N(F102) -> 1
...

Sheet Pending IM Confirmation
B2: Materials Pending DTE IM Confirmation
B3: These materials appear in construction BOMs or supplier order records without a confirmed DTE IM number. The closest candidate IM from DTE’s item master is proposed where one exists. DTE is requested to confirm or correct the IM assignment in the yellow column; quantities shown are excluded from the confirmed-IM tabs until then.
B5: Material Description | C5: BOM Qty | D5: UOM | E5: Ordered Qty (unresolved) | F5: Proposed DTE IM (candidate) | G5: Match Confidence | H5: CWO Numbers | I5: DTE Confirmed IM / Response
B6: Ground Wire Molding | C6: 309 | D6: EA | F6: 100075415 | G6: MEDIUM DESCRIPTION; similarity 53% | H6: 73232522; 73234686; 73239897; 73239916; 73239926; 73240913; 73242557; 73242619; 73244139; 73301547; 73301585; 73305080; 73358165
B7: Ground Wire Staples | C7: 3050 | F7: 100101751 | G7: VERY LOW DESCRIPTION; similarity 0% | H7: 73232522; 73234686; 73239897; 73239916; 73239926; 73240913; 73242557; 73242619; 73244139; 73301547; 73301585; 73305080; 73358165
B8: Molding Staples | C8: 2915 | F8: 100101751 | G8: VERY LOW DESCRIPTION; similarity 0% | H8: 73232522; 73234686; 73239897; 73239916; 73239926; 73240913; 73242557; 73242619; 73244139; 73301547; 73301585; 73305080; 73358165
B9: 45' CLASS 3 PINE | C9: 83 | D9: EA | F9: 100088575 | G9: LOW DESCRIPTION; similarity 43% | H9: 73232522; 73234686; 73239897; 73239916; 73239926; 73240913; 73242557; 73242619; 73244139; 73301547; 73358165
B10: 7/16" Guy Wire, Rope Wire | C10: 5000 | D10: FT | F10: 100329907 | G10: MEDIUM DESCRIPTION; similarity 68% | H10: 73232522; 73239926; 73240913; 73242557; 73242619; 73301547; 73301585; 73305080; 73802595
B11: #6 AWG Stranded Bare Copper Wire | C11: 10305 | F11: 100039761 | G11: LOW; similarity 42% | H11: 73232522; 73239897; 73239926; 73242557; 73242619; 73244139; 73305080; 73358165
B12: Crimipit, #6 AWG to #6 AWG | C12: 345 | F12: 100100489 | G12: LOW; similarity 40% | H12: 73232522; 73239897; 73239926; 73242557; 73242619; 73244139; 73305080; 73358165
B13: Wire #2 Cu Sol Bare SD 2500ft reels | D13: FT | E13: 5192.8333 | F13: 100048429 | G13: LOW; similarity 32% | H13: 73234686; 73239916; 73240913; 73279347; 73301547; 73301585; 73802595
B14: 45' CLASS 3 CEDAR | C14: 84 | D14: EA | E14: 84 | F14: 100289875 | G14: HIGH; similarity 85% | H14: 73232522; 73239897; 73239916; 73239926; 73240913; 73242557; 73242619
B15: 5/16" Guy Wire, Rope Wire | C15: 5575 | F15: 100032688 | G15: MEDIUM DESCRIPTION; similarity 66% | H15: 73232522; 73239926; 73240913; 73242557; 73242619; 73244139
B16: Crimipit, 2 AWG to 2 AWG | C16: 310 | F16: 100004757 | G16: LOW; similarity 40% | H16: 73234686; 73239916; 73240913; 73301547; 73301585
B17: 55' CLASS 1 PINE | C17: 26 | D17: EA | F17: 100042242 | G17: LOW DESCRIPTION; similarity 43% | H17: 73234686; 73239926; 73240913; 73244139; 73305080
B18: 60' CLASS 1 PINE | C18: 7 | D18: EA | F18: 100042243 | G18: LOW DESCRIPTION; similarity 43% | H18: 73234686; 73240913; 73244139; 73305080; 73802595
B19: 2 AWG Stranded Bare Copper Wire | C19: 8150 | F19: 100048429 | G19: LOW DESCRIPTION; similarity 42% | H19: 73234686; 73239916; 73240913; 73301585
B20: 5/8" Lock Nut | C20: 90 | F20: 100036719 | G20: MEDIUM; similarity 64% | H20: 73232522; 73239897; 73242619; 73305080
B21: 5/8" x 16" Machine Bolt, Galvanized Steel | C21: 212 | F21: 100024354 | G21: HIGH; similarity 80% | H21: 73232522; 73239897; 73242557; 73242619
B22: 50' CLASS 1 PINE | C22: 14 | D22: EA | E22: 3 | F22: 100069509 | G22: LOW DESCRIPTION; similarity 43% | H22: 73234686; 73239926; 73242557; 73301585
B23: 50' CLASS 3 PINE | C23: 43 | D23: EA | F23: 100025788 | G23: VERY LOW DESCRIPTION; similarity 21% | H23: 73234686; 73240913; 73242557; 73301585
B24: Washer Square 2x2 1/2 | D24: EA | E24: 147 | F24: 100052587 | G24: MEDIUM; similarity 67% | H24: 73240913; 73242557; 73301547; 73301585
B25: 7/16" Guy Grip | C25: 36 | D25: EA | E25: 26 | F25: 100074493 | G25: LOW; similarity 41% | H25: 73232522; 73239897; 73305080
B26: Armor Rod Alum. Alloy | C26: 65 | D26: EA | F26: 100074602 | G26: HIGH DESCRIPTION; similarity 81% | H26: 73234686; 73242557; 73301585
B27: Straight Line Deadend Clamp | C27: 231 | F27: 100039650 | G27: HIGH DESCRIPTION; similarity 87% | H27: 73234686; 73301547; 73301585
B28: 45' Class 1 CEDAR | C28: 5 | D28: EA | E28: 5 | F28: 100289876 | G28: HIGH; similarity 85% | H28: 73232522; 73239916; 73239926
B29: 55' CLASS 3 PINE | C29: 14 | D29: EA | F29: 100107159 | G29: LOW DESCRIPTION; similarity 43% | H29: 73234686; 73240913; 73305080
B30: Armor Rod Alum. Alloy | C30: 29 | F30: 100074602 | G30: HIGH DESCRIPTION; similarity 81% | H30: 73240913; 73305080
B31: Machine Bolt, Galv. Steel | C31: 28 | F31: 100099738 | G31: HIGH; similarity 85% | H31: 73232522; 73802595
B32: 5/16" Guy Grip | C32: 24 | D32: EA | E32: 6 | F32: 100009193 | G32: MEDIUM; similarity 59% | H32: 73232522; 73239897
B33: Single Phase Fiberglass Mounting Bracket | C33: 31 | F33: 100310426 | G33: VERY LOW DESCRIPTION; similarity 16% | H33: 73232522; 73242557
B34: Bracket Mounting, Shield Wire, Malleable/Duct | C34: 7 | F34: 100088112 | G34: MEDIUM DESCRIPTION; similarity 62% | H34: 73234686; 73242557
B35: 40' CLASS 3 CEDAR | C35: 3 | D35: EA | E35: 3 | F35: 100313938 | G35: HIGH; similarity 85% | H35: 73240913; 73242557
B36: 40' CLASS 3 PINE | C36: 4 | D36: EA | F36: 100018203 | G36: LOW DESCRIPTION; similarity 43% | H36: 73239926; 73244139
B37: 45' CLASS 1 PINE | C37: 5 | D37: EA | F37: 100061029 | G37: LOW DESCRIPTION; similarity 43% | H37: 73234686; 73242619
B38: 50' CLASS 2 PINE | C38: 2 | D38: EA | F38: 100024362 | G38: LOW DESCRIPTION; similarity 43% | H38: 73234686; 73240913
B39: 1/0 AWG Bare | C39: 2600 | F39: 100039761 | G39: HIGH DESCRIPTION; similarity 82% | H39: 73301547
B40: 2 Awg BARE | C40: 375 | D40: FT | F40: 100048429 | G40: HIGH DESCRIPTION; similarity 79% | H40: 73242557
B41: 2 AWG Bare Copper | C41: 780 | D41: FT | F41: 100048429 | G41: MEDIUM DESCRIPTION; similarity 61% | H41: 73305080
B42: 2AWG Stranded Bare Copper Wire | C42: 2600 | F42: 100048429 | G42: VERY LOW DESCRIPTION; similarity 16% | H42: 73301547
B43: 3/0 to 3/0 crimpit | C43: 5 | F43: 100111680 | G43: LOW; similarity 40% | H43: 73358165
B44: 40 CLASS 3 CEDAR | C44: 1 | D44: EA | E44: 1 | F44: 100313938 | G44: HIGH; similarity 85% | H44: 73232522
B45: 5/8" Eye Bolt and Nut x 26" | C45: 6 | F45: 100024354 | G45: MEDIUM; similarity 51% | H45: 73802595
B46: 5/8" Ground Clamp | C46: 32 | F46: 100017083 | G46: MEDIUM; similarity 68% | H46: 73305080
B47: 5/8" Lock Nut SQ. | C47: 50 | F47: 100036719 | G47: MEDIUM; similarity 52% | H47: 73242557
B48: 5/8" X 10" Machine Bolt, Galv. Steel | C48: 30 | F48: 100099738 | G48: HIGH; similarity 70% | H48: 73239926
B49: 5/8" x 14" Machine Bolt & Nut, Galvanized Steel | C49: 121 | D49: EA | F49: 100062663 | G49: LOW DESCRIPTION; similarity 50% | H49: 73232522
B50: 55 CLASS 1 PINE | C50: 1 | D50: EA | E50: 1 | F50: 100042242 | G50: LOW; similarity 43% | H50: 73242557
B51: 55' CLASS H1 PINE | C51: 1 | D51: EA | E51: 1 | F51: 100342373 | G51: LOW; similarity 41% | H51: 73244139
B52: 636 to 636 crimpit | C52: 20 | F52: 100004757 | G52: VERY LOW; similarity 26% | H52: 73358165
B53: Attachment_mntg, cleats | C53: 10 | F53: 100321662 | G53: MEDIUM; similarity 53% | H53: 73301585
B54: parallel groove connector 636 AA to 636 AA | C54: 50 | F54: 100308950 | G54: VERY LOW; similarity 28% | H54: 73232522
B55: P to P fiberglass mounting bracket | C55: 6 | F55: 100068975 | G55: LOW; similarity 44% | H55: 73232522
B56: Phase to Phase Fiberglass Mounting Bracket | C56: 2 | D56: EA | F56: 100310427 | G56: VERY LOW DESCRIPTION; similarity 16% | H56: 73242557
B57: Three Phase Fiberglass Mounting Bracket | C57: 6 | D57: EA | F57: 100310428 | G57: VERY LOW DESCRIPTION; similarity 16% | H57: 73242557
B58: Insulator Guy Strain 18in 36K | D58: EA | E58: 4 | F58: 100102696 | G58: MEDIUM; similarity 57% | H58: 73802595
B59: Extension pole top fiberglass 54 | D59: EA | E59: 2 | F59: 100317530 | G59: MEDIUM; similarity 52% | H59: 73239916
B60: Bolt Oval Eye 5/8in x 16in with (1) square nut assembled | D60: EA | E60: 15 | F60: 100024354 | G60: LOW; similarity 36% | H60: 73802595
B61: Washer Lock Galv 7/8in | D61: EA | E61: 12 | F61: 100327860 | G61: LOW; similarity 49% | H61: 73239916
B62: 5/8" Machine Bolt & Nut, Galv. Steel | C62: 4 | F62: 100024354 | G62: MEDIUM; similarity 52% | H62: 73242557
B63: Single Phase Fiberglass Mounting Bracket | C63: 5 | F63: 100310426 | G63: VERY LOW DESCRIPTION; similarity 16% | H63: 73240913
B64: 45' CLASS 2 CEDAR | C64: 2 | D64: EA | E64: 2 | F64: 100341161 | G64: HIGH; similarity 85% | H64: 73239916
B65: 50' CLASS 3 CEDAR | C65: 1 | D65: EA | E65: 1 | F65: 100289875 | G65: MEDIUM; similarity 62% | H65: 73239926
B66: 35' CLASS 2 PINE | C66: 1 | D66: EA | F66: 100042239 | G66: VERY LOW DESCRIPTION; similarity 21% | H66: 73239916
B67: 45' CLASS 2 PINE | C67: 1 | D67: EA | E67: 1 | F67: 100342373 | G67: HIGH; similarity 85% | H67: 73244139
B68: 45'' CLASS 4 PINE | C68: 3 | D68: EA | E68: 3 | F68: 100342373 | G68: MEDIUM; similarity 62% | H68: 73301547
B69: Wire Pigeon 3/0 6/1 ACSR OH 2600ft | D69: FT | E69: 2600 | F69: 100077194 | G69: LOW; similarity 40% | H69: 73305080

Sheet Basis and Exclusions
B2: Basis of Quantities, Exclusions, and Reservation of Rights
B4: SOURCES
B5: DTE CUE estimate material summaries | C5: Per-CWO material requirement quantities by DTE IM (“CUE Required Qty”).
B6: Construction bills of material | C6: Per-CWO construction BOM quantities (“BOM Qty”).
B7: Supplier order records (PLS) | C7: Confirmed order allocations by CWO and IM; dollars cross-checked to the PLS purchase order report as of 7/28/2026.
B8: DTE Maximo work-order quantities | C8: Used as a cross-check only; program install quantities agree within ~5% overall and within 0.5% on conductor.
B10: METHODOLOGY
B11: • Quantities were reconciled independently for each of the 15 CWOs, then rolled up by DTE IM at the program level.
B12: • Full 18-digit CUE item numbers were extracted from the CUE document text and normalized to 9-digit DTE IM numbers.
B13: • Order-only line items carrying a valid or suffix-normalized DTE IM are included; unresolved items appear on the Pending IM Confirmation tab.
B14: • Variance columns are calculated in-sheet (CUE Required − BOM) and recompute automatically.
B16: EXCLUSIONS AND PENDING ITEMS
B17: • DTE-furnished job stock is not included in ordered quantities; CUE Required quantities include all material regardless of furnishing party.
B18: • Per-IM delivered quantities are pending a line-item export from the supplier (IM, qty ordered, qty delivered, PO number, promise date) and are not represented here.
B19: • Underground CWOs removed from the program by credit are excluded in their entirety.
B20: • Four recloser CWOs and CWO 73303193 are outside this reconciliation set and will follow under separate cover.
B21: • Where a DTE IM spans mixed units of measure across sources, totals should be read with the UOM column; mixed-UOM lines are flagged in our working files.
B23: RESERVATION OF RIGHTS
B24: This package is a quantity reconciliation provided for informational and coordination purposes at DTE’s request. It is not an agreement to any credit, back-charge, price adjustment, or change to the scope or value of Contract 4400008681. All rights and remedies under the contract are expressly reserved. Any commercial adjustment arising from or related to the quantities herein shall be initiated and processed exclusively through the contract change process.
